id,name,artist,release_date,length,popularity,danceability,acousticness,energy,loudness,tempo,valence,url,image,audio,cluster_pred,iine
0,Good Time,アウル・シティー,2012/1/1,0.345399175,0.78,0.444602273,0.025207555,0.88941736,0.778983934,0.524742421,0.683233206,https://open.spotify.com/track/1kPpge9JDLpcj15qgrPbYX,https://i.scdn.co/image/ab67616d00004851cf5459850259268f98b07f7a,なし,5,0
1,California Gurls,ケイティ・ペリー,2010/1/1,0.43679196,0.43,0.768465909,0.003935893,0.747919144,0.819438414,0.516115184,0.378481704,https://open.spotify.com/track/6bUKd5y4eThkXvfJFSAUJ1,https://i.scdn.co/image/ab67616d0000485127271ebe78e28a2ff83eaa47,なし,5,0
2,What Makes You Beautiful,ワン・ダイレクション,2011/10/28,0.324014791,0,0.678977273,0.008624125,0.77764566,0.907005355,0.516073905,0.916985254,https://open.spotify.com/track/1T07kafGtJbDvosN0nu4Q2,https://i.scdn.co/image/ab67616d0000485136d38e3cf2ebac3fb7094b05,なし,6,0
3,That's What I Like,ブルーノ・マーズ,2016/11/17,0.347817647,0.84,0.860795455,0.013672176,0.51843044,0.728904328,0.590920349,0.87766248,https://open.spotify.com/track/0KKkJNfGyhkQ5aFogxQAPU,https://i.scdn.co/image/ab67616d00004851232711f7d66a1e19e89e28c5,https://p.scdn.co/mp3-preview/dff97adc200a31774425d79cec92ad0e117ce2be?cid=18308f0d5b8049c89ee330d9cfa4bc58,1,0
4,What Do You Mean?,ジャスティン・ビーバー,2015/11/13,0.344594079,0.79,0.849431818,0.624306462,0.526753864,0.500434216,0.51623902,0.804478427,https://open.spotify.com/track/4B0JvthVoAAuygILe3n4Bs,https://i.scdn.co/image/ab67616d00004851f46b9d202509a8f7384b90de,なし,8,0
5,Stay With Me,サム・スミス,2014/1/1,0.239718312,0.49,0.444602273,0.550226046,0.362663496,0.634389926,0.186141933,0.114145276,https://open.spotify.com/track/7876ppTxozBmoZ2EZZqV1i,https://i.scdn.co/image/ab67616d00004851899983dd29114e8b29fb051b,なし,4,0
6,Shake It Off,テイラー・スウィフト,2014/10/27,0.387617423,0.6,0.568181818,0.068385854,0.803804994,0.698292083,0.805668384,0.967231021,https://open.spotify.com/track/1CiVz2WkmZRwhU3A6J2Gjz,https://i.scdn.co/image/ab67616d000048510432bfd9e6adb616fd8bcc97,なし,6,0
7,Live While We're Young,ワン・ダイレクション,2012/11/9,0.327111072,0,0.583806818,0.066480929,0.847800238,0.938630771,0.524453471,0.960677226,https://open.spotify.com/track/6aGjEZ7kq3YXgD0EDt80O5,https://i.scdn.co/image/ab67616d00004851ddacff8ec2f8f34ed56957cf,なし,6,0
8,What the Hell,アヴリル・ラヴィーン,2011/3/8,0.39215524,0,0.460227273,0.004655531,0.960760999,0.821609495,0.722582722,0.882031677,https://open.spotify.com/track/4KBKK8JuXzJaPmiz8ZGwy3,https://i.scdn.co/image/ab67616d000048519060dc2974c461fdeb28e25c,なし,6,0
9,Bad Romance,レディー・ガガ,2009/1/1,0.627469387,0,0.637784091,0.00323742,0.947681332,0.816181792,0.466547784,0.718186783,https://open.spotify.com/track/1CZOrmHUUjeDP7N2B4Ba6S,https://i.scdn.co/image/ab67616d000048514aea834a7b3878bd43a8a4b4,なし,5,0
10,Lucky Strike,マルーン５,2012/1/1,0.279718566,0.6,0.605113636,0.000556767,0.739595719,0.761253438,0.67304009,0.425450573,https://open.spotify.com/track/4rpzPAbwJboZQw2p9T5T3f,https://i.scdn.co/image/ab67616d00004851fc8633e22a7dba6aab817bff,なし,7,0
11,Shut Up and Dance,ウォーク・ザ・ムーン,2014/12/2,0.323591558,0.83,0.470170455,0.007333009,0.882282996,0.812635693,0.541154811,0.614418351,https://open.spotify.com/track/4kbj5MwxO1bq9wjT5g9HaA,https://i.scdn.co/image/ab67616d0000485143294cfa2688055c9d821bf3,https://p.scdn.co/mp3-preview/78558b79e4571208d3bf6e6a80d06e3f23511abd?cid=18308f0d5b8049c89ee330d9cfa4bc58,5,0
12,Sorry,ジャスティン・ビーバー,2015/11/13,0.329020392,0,0.578125,0.084260229,0.756242568,0.822405558,0.309226603,0.386127799,https://open.spotify.com/track/69bp2EbF7Q2rqc5N3ylezZ,https://i.scdn.co/image/ab67616d00004851b6d9a4fbb0bd49f0f034aead,なし,5,0
13,Wake Me Up,アヴィーチー,2013/1/1,0.477438202,0.49,0.404829545,0.003882978,0.783590963,0.675640469,0.508511657,0.640633534,https://open.spotify.com/track/3B0irDyS69y5eAz15xV2Ee,https://i.scdn.co/image/ab67616d00004851162c5d6dbf1dc3965d1a391a,なし,5,0
14,Call Me Maybe,カーリー・レイ・ジェプセン,2013/1/1,0.305726687,0.36,0.765625,0.01187308,0.552913199,0.615863367,0.474869559,0.682140907,https://open.spotify.com/track/4mPn5iuKM7Wqux3YnptWJl,https://i.scdn.co/image/ab67616d0000485186a7e6f6153a762fc5c266c4,なし,1,0
15,Never Really Over,ケイティ・ペリー,2019/5/31,0.401374074,0.72,0.742897727,0.205222966,0.901307967,0.741134752,0.309606367,0.358820317,https://open.spotify.com/track/5PYQUBXc7NYeI1obMKSJK0,https://i.scdn.co/image/ab67616d000048519bea3b79b95f86d1b66ac960,なし,3,0
16,We Are Never Ever Getting Back Together,テイラー・スウィフト,2012/1/1,0.304199231,0,0.545454545,0.010190396,0.683709869,0.718627877,0.194133479,0.716002185,https://open.spotify.com/track/53HDOVjPio9hPhpE935MAu,https://i.scdn.co/image/ab67616d0000485125f5ca562a72461d4bdd0ffe,なし,5,0
17,Slow Down,Lights Follow,2017/5/5,0.343015707,0.42,0.5,0.059602034,0.74078478,0.674120712,0,0.451665756,https://open.spotify.com/track/6d2fMEUbVqZKfz5eNClUtN,https://i.scdn.co/image/ab67616d0000485181aef49b14a38c5748edc1e4,https://p.scdn.co/mp3-preview/97fb25870095a4eb268cb618a49ab757592f1987?cid=18308f0d5b8049c89ee330d9cfa4bc58,0,0
18,Graves,チャーチズ,2018/5/25,0.593012525,0.35,0.431818182,0.003554908,0.891795482,0.820958171,0.656751536,0.291097761,https://open.spotify.com/track/7kmu7lAvrEXAYsZWjrTYZ1,https://i.scdn.co/image/ab67616d00004851d0cac97a7157fb08cd3af351,https://p.scdn.co/mp3-preview/e9114f029c7776df34d1c0c1fbd8b7dcbfc94490?cid=18308f0d5b8049c89ee330d9cfa4bc58,9,0
19,Marry You,ブルーノ・マーズ,2010/10/5,0.422596166,0.75,0.53125,0.351267214,0.827586207,0.735851788,0.680404201,0.432004369,https://open.spotify.com/track/22PMfvdz35fFKYnJyMn077,https://i.scdn.co/image/ab67616d00004851f6b55ca93bd33211227b502b,https://p.scdn.co/mp3-preview/4e53b276076762ef71d7b6e2110c66e5789fe835?cid=18308f0d5b8049c89ee330d9cfa4bc58,7,0
20,Uptown Funk (feat. Bruno Mars),マーク・ロンソン,2015/1/12,0.548210331,0.83,0.865056818,0.0083913,0.576694411,0.565204805,0.433417542,0.951938831,https://open.spotify.com/track/32OlwWuMpZ6b0aN2RZOeMS,https://i.scdn.co/image/ab67616d00004851e419ccba0baa8bd3f3d7abf2,https://p.scdn.co/mp3-preview/afbf5c171d105f72280a844472ac03ac9fd3c5af?cid=18308f0d5b8049c89ee330d9cfa4bc58,1,0
21,Sucker,ジョナス・ブラザース,2019/3/1,0.266184669,0.03,0.845170455,0.045103438,0.725326992,0.721377913,0.623051648,0.978154014,https://open.spotify.com/track/4y3OI86AEP6PQoDE6olYhO,https://i.scdn.co/image/ab67616d00004851c85bf1709e11b6a288925b26,なし,6,0
22,Happy,ヴァリアス・アーティスト,2013/6/18,0.432502355,0.01,0.575284091,0.302585798,0.752675386,0.594442032,0.804289677,0.989077007,https://open.spotify.com/track/6NPVjNh8Jhru9xOmyQigds,https://i.scdn.co/image/ab67616d0000485199140a62d43aec760f6172a2,なし,6,0
23,"Moves Like Jagger - Studio Recording From ""The Voice"" Performance",マルーン５,2010,0.331270207,0.79,0.674715909,0.012296397,0.757431629,0.765233753,0.541204346,0.619879847,https://open.spotify.com/track/7pYfyrMNPn3wtoCyqcTVoI,https://i.scdn.co/image/ab67616d000048519585ff55fff75c5c07a619cb,なし,5,0
24,Sugar,マルーン５,2015/7/22,0.439465009,0.6,0.711647727,0.062459421,0.789536266,0.57736286,0.475422693,0.903877662,https://open.spotify.com/track/6eV7eK07znOHcKz3bzEmpS,https://i.scdn.co/image/ab67616d0000485173d5224bd020b0550d793401,なし,6,0
25,Shape of You,エド・シーラン,2017/3/3,0.43379751,0.86,0.821022727,0.614781837,0.627824019,0.857577073,0.276467869,0.955215729,https://open.spotify.com/track/7qiZfU4dY1lWllzX7mPBI3,https://i.scdn.co/image/ab67616d00004851ba5db46f4b838ef6027e6f96,https://p.scdn.co/mp3-preview/09e92af512355474ccf074988ea208ce6eb90a2b?cid=18308f0d5b8049c89ee330d9cfa4bc58,8,0
26,Misery,マルーン５,2010,0.378070823,0.65,0.649147727,0.000247746,0.8156956,0.735200463,0.334282742,0.731294375,https://open.spotify.com/track/6KBYk8OFtod7brGuZ3Y67q,https://i.scdn.co/image/ab67616d0000485186498c6e8ee965fa665a9c3d,なし,5,0
27,bad guy,ビリー・アイリッシュ,2019/3/29,0.307702833,0.84,0.644886364,0.347034048,0.357907253,0.294398611,0.599687933,0.552157291,https://open.spotify.com/track/2Fxmhks0bxGSBdJ92vM42m,https://i.scdn.co/image/ab67616d0000485150a3147b4edd7701a876c6ce,なし,1,0
28,If I Can't Have You,ショーン・メンデス,2019/5/3,0.297242942,0.74,0.632102273,0.554459212,0.81450654,0.78412216,0.507083416,0.882031677,https://open.spotify.com/track/6LsAAHotRLMOHfCsSfYCsz,https://i.scdn.co/image/ab67616d00004851625acd26e0e455312667565f,なし,8,0
29,I Really Like You,カーリー・レイ・ジェプセン,2015/8/21,0.341707823,0.56,0.532670455,0.005660908,0.813317479,0.747720365,0.49230566,0.592572365,https://open.spotify.com/track/0PGLRTN0X6DrXh645WJCIY,https://i.scdn.co/image/ab67616d000048519aaa999f62cd7309e30fdad4,なし,5,0
30,The Lazy Song,ブルーノ・マーズ,2010/10/5,0.291861842,0.77,0.776988636,0.317401881,0.697978597,0.71710812,0.928158642,0.981430912,https://open.spotify.com/track/386RUes7n1uM1yfzgeUuwp,https://i.scdn.co/image/ab67616d00004851f60070dce96a2c1b70cf6ff0,https://p.scdn.co/mp3-preview/7d6bedf685cae3d96d866550d0d2c412532f4f89?cid=18308f0d5b8049c89ee330d9cfa4bc58,6,0
31,Symphony (feat. Zara Larsson),クリーン・バンディット,2017/3/16,0.366166213,0.75,0.653409091,0.274011923,0.600475624,0.75640469,0.498431411,0.437465866,https://open.spotify.com/track/1x5sYLZiu9r5E43kMlt9f8,https://i.scdn.co/image/ab67616d000048515b1130d050c4cd2295999d85,https://p.scdn.co/mp3-preview/d023b0c5285f24f254367414d8a1f5fee3dc448d?cid=18308f0d5b8049c89ee330d9cfa4bc58,3,0
32,Another Day Of Sun,ヴァリアス・アーティスト,2017/2/17,0.416171304,0.45,0.478693182,0.020127755,0.741973841,0.604211898,0.522794069,0.794647733,https://open.spotify.com/track/7tBqAoOhF7rxWbIpT2yOn6,https://i.scdn.co/image/ab67616d000048514c8913cfd05b1504694845cc,なし,6,0
33,Story of My Life,ワン・ダイレクション,2013/11/25,0.471287009,0.83,0.501420455,0.238030007,0.640903686,0.668041685,0.483628888,0.250682687,https://open.spotify.com/track/4nVBt6MZDDP6tRVdQTgxJg,https://i.scdn.co/image/ab67616d000048512f76b797c382bedcafdf45e1,https://p.scdn.co/mp3-preview/f88f216950bea0206e3ce190fb3e99ad251471f1?cid=18308f0d5b8049c89ee330d9cfa4bc58,9,0
34,See You Again (feat. Charlie Puth),ウィズ・カリファ,2015,0.420473639,0.82,0.627840909,0.390424006,0.424494649,0.544941381,0.144772472,0.247405789,https://open.spotify.com/track/2JzZzZUQj3Qff7wapcbKjc,https://i.scdn.co/image/ab67616d000048514e5df11b17b2727da2b718d8,https://p.scdn.co/mp3-preview/5e12e18dbe096e7168a73675fd4e9892029fafe5?cid=18308f0d5b8049c89ee330d9cfa4bc58,0,0
35,ME! (feat. Brendon Urie of Panic! At The Disco),テイラー・スウィフト,2019/8/23,0.304243782,0.77,0.515625,0.034838009,0.839476813,0.790852511,0.987987914,0.733478973,https://open.spotify.com/track/2Rk4JlNc2TPmZe2af99d45,https://i.scdn.co/image/ab67616d00004851e787cffec20aa2a396a61647,なし,7,0
36,HandClap,Fitz and The Tantrums,2016/6/10,0.305048879,0.65,0.552556818,0.00635938,0.846611177,0.870531191,0.639546595,0.719279082,https://open.spotify.com/track/7j56HrjR9cGzvekvZY3Faz,https://i.scdn.co/image/ab67616d0000485158c4833cc8b1a3d6e4890940,https://p.scdn.co/mp3-preview/7d5f93b1b43d0f30ccfdbc8422e86a34127471b3?cid=18308f0d5b8049c89ee330d9cfa4bc58,5,0
37,Roar,ケイティ・ペリー,2013/10/18,0.401447265,0.74,0.436079545,0.005068265,0.770511296,0.73903604,0.970006935,0.435281267,https://open.spotify.com/track/6F5c58TMEs1byxUstkzVeM,https://i.scdn.co/image/ab67616d0000485147f930accd8ac01686401fa2,なし,7,0
38,Break Free,アリアナ・グランデ,2014/8/25,0.373743031,0.56,0.626420455,0.006846195,0.687277051,0.702634245,0.556956278,0.248498088,https://open.spotify.com/track/67NbegQzVSnoa9wYgknJ51,https://i.scdn.co/image/ab67616d0000485146d1ba2fae86b9c5702533e7,なし,9,0
39,Get Lucky (feat. Pharrell Williams & Nile Rodgers) - Radio Edit,ダフト・パンク,2013/4/19,0.480579033,0.82,0.776988636,0.044997609,0.816884661,0.439064988,0.442160359,0.879847078,https://open.spotify.com/track/2Foc5Q5nqNiosCNqttzHof,https://i.scdn.co/image/ab67616d000048511d5cf960a92bb8b03fc2be7f,https://p.scdn.co/mp3-preview/a13551566573594eb4d12c396775b3fb0fca6e66?cid=18308f0d5b8049c89ee330d9cfa4bc58,6,0
40,Together,シーア,2020/5/20,0.343088898,0.64,0.389204545,0.013883834,0.895362663,0.69394992,0.970196817,0.155652649,https://open.spotify.com/track/5id3Rqn7SPj1LX4FfY4nGz,https://i.scdn.co/image/ab67616d00004851e279a8ea467c75ed400f812f,https://p.scdn.co/mp3-preview/918b0dd8bb82b9266b6b6ee480b9a69acfa15de0?cid=18308f0d5b8049c89ee330d9cfa4bc58,7,0
41,The Nights,アヴィーチー,2014/1/1,0.252240269,0.86,0.397727273,0.017482026,0.845422117,0.704515849,0.524189287,0.652648826,https://open.spotify.com/track/0ct6r3EGTcMLPtrXHDvVjc,https://i.scdn.co/image/ab67616d000048510ae4f4d42e4a09f3a29f64ad,なし,5,0
42,STAY (with Justin Bieber),The Kid LAROI,2021/7/9,0.141331051,0.89,0.488636364,0.040446955,0.760998811,0.691055145,0.886987319,0.460404151,https://open.spotify.com/track/5HCyWlXZPP0y6Gqq8TgA20,https://i.scdn.co/image/ab67616d0000485141e31d6ea1d493dd77933ee5,https://p.scdn.co/mp3-preview/40a8daf1f3cbb5c6363e68de859ba4af3377344c?cid=18308f0d5b8049c89ee330d9cfa4bc58,7,0
43,abcdefu,GAYLE,2021/8/13,0.226601283,0.86,0.636363636,0.31634359,0.494649227,0.676002316,0.490745327,0.391589295,https://open.spotify.com/track/4fouWK6XVHhzl78KzQ1UjL,https://i.scdn.co/image/ab67616d000048512842f743ebd32235bceb43d3,https://p.scdn.co/mp3-preview/83c53804d9a84bee1cca941679370f0541dd4ca2?cid=18308f0d5b8049c89ee330d9cfa4bc58,3,0
44,I Really Like You,カーリー・レイ・ジェプセン,2015/6/24,0.341707823,0.45,0.532670455,0.005660908,0.813317479,0.747720365,0.49230566,0.592572365,https://open.spotify.com/track/2BaXRCVgn621xHOGoFSuW5,https://i.scdn.co/image/ab67616d00004851906478ec1684465b3dca4274,なし,5,0
45,Butter,BTS,2021/5/21,0.213363331,0.03,0.727272727,0.003332666,0.398335315,0.712548849,0.392213196,0.697433097,https://open.spotify.com/track/3VqeTFIvhxu3DIe4eZVzGq,https://i.scdn.co/image/ab67616d00004851ed656680374294d5217193fa,なし,1,0
46,Kiss You,ワン・ダイレクション,2012/11/9,0.272294494,0,0.544034091,0.019598609,0.96313912,0.902735562,0.227057328,0.926815948,https://open.spotify.com/track/0AkQbXGN4KG34TS7xLrM68,https://i.scdn.co/image/ab67616d00004851ddacff8ec2f8f34ed56957cf,なし,6,0
47,Firework,ケイティ・ペリー,2010/8/24,0.415280288,0.74,0.555397727,0.149133508,0.841854935,0.723259517,0.508404333,0.64609503,https://open.spotify.com/track/1mXuMM6zjPgjL4asbBsgnt,https://i.scdn.co/image/ab67616d00004851f619042d5f6b2149a4f5e0ca,なし,5,0
48,Girlfriend,アヴリル・ラヴィーン,2007/4/17,0.379343703,0.76,0.444602273,0.000678471,0.992865636,0.911854103,0.837907007,0.669033315,https://open.spotify.com/track/45hOioMDJktr86iKDHC8gr,https://i.scdn.co/image/ab67616d00004851476cdf5837ae39eee951cc15,https://p.scdn.co/mp3-preview/a483f9955188f39637f4fd143ef47d47fbc55edf?cid=18308f0d5b8049c89ee330d9cfa4bc58,7,0
49,Baby,ジャスティン・ビーバー,2010/1/1,0.371833711,0.82,0.683238636,0.04235188,0.873959572,0.708930381,0.021085133,0.52266521,https://open.spotify.com/track/6epn3r7S14KUqlReYr77hA,https://i.scdn.co/image/ab67616d00004851629dc9e2e3bc20bbd7d92e4a,なし,5,0
50,Beautiful Now,ゼッド,2015/5/18,0.384731168,0.52,0.541193182,0.008274888,0.843043995,0.789332754,0.540865861,0.549972693,https://open.spotify.com/track/19i1xJlBqQ76shVPdSjDHe,https://i.scdn.co/image/ab67616d0000485162bed9b00486b7b803bf75ad,なし,5,0
51,Mood (feat. iann dior),24Kゴールデン,2021/3/26,0.137283292,0.83,0.644886364,0.184057133,0.7039239,0.822260819,0.235436893,0.73784817,https://open.spotify.com/track/4jPy3l0RUwlUI9T5XHBW2m,https://i.scdn.co/image/ab67616d0000485184c53fa832dfa265192419c5,https://p.scdn.co/mp3-preview/9f4d2e78c5f0ebb373b28f702597b4f344a8310c?cid=18308f0d5b8049c89ee330d9cfa4bc58,5,0
52,SOS,アヴィーチー,2019/4/10,0.190327385,0.6,0.788352273,0.287769715,0.619500595,0.640613692,0.309688924,0.348989623,https://open.spotify.com/track/0n2nEtLP3OzDdi12ziIekx,https://i.scdn.co/image/ab67616d00004851773527dd6b1b7995a309a461,なし,3,0
53,2002,アン・マリー,2018/4/27,0.285106031,0.82,0.639204545,0.039282834,0.664684899,0.879432624,0.277755762,0.596941562,https://open.spotify.com/track/2BgEsaKNfHUdlh97KmvFyo,https://i.scdn.co/image/ab67616d0000485138aae75dc37fb42457866ffd,https://p.scdn.co/mp3-preview/23ce3b026f6e9bdc0dd3dec5dbf4349038ed269a?cid=18308f0d5b8049c89ee330d9cfa4bc58,5,0
54,Bad Day,ダニエル・パウター,2005/2/22,0.433568392,0.76,0.5,0.474029047,0.785969084,0.797510494,0.640289611,0.506280721,https://open.spotify.com/track/0mUyMawtxj1CJ76kn9gIZK,https://i.scdn.co/image/ab67616d00004851d5d74dc15f88ec6e02c7378d,https://p.scdn.co/mp3-preview/10ef694e1fff6a49ee452460057b6810ac16838f?cid=18308f0d5b8049c89ee330d9cfa4bc58,3,0
55,"September - from DreamWorks Animation's ""TROLLS""",Trolls,2016/9/23,0.437896184,0.62,0.748579545,0.016847051,0.862068966,0.87183384,0.532552341,0.989077007,https://open.spotify.com/track/1QvPIlDwzql2ub5MCyYa78,https://i.scdn.co/image/ab67616d00004851d965d29d7dcf46ade5a8a7e4,https://p.scdn.co/mp3-preview/db25ec20d30d526b2e1e94a4da8f477e20891154?cid=18308f0d5b8049c89ee330d9cfa4bc58,6,0
56,Perfect,エド・シーラン,2017/3/3,0.528270665,0.87,0.5,0.172415924,0.385255648,0.631133304,0.268814807,0.121791371,https://open.spotify.com/track/0tgVpDi06FyKpA1z0VMD4v,https://i.scdn.co/image/ab67616d00004851ba5db46f4b838ef6027e6f96,https://p.scdn.co/mp3-preview/229419b7fe43f4aa963e8ed8eecabc4b87c4958e?cid=18308f0d5b8049c89ee330d9cfa4bc58,0,0
57,We Found Love,リアーナ,2011/11/18,0.37497136,0.78,0.691761364,0.026371676,0.763376932,0.763352149,0.540725514,0.593664664,https://open.spotify.com/track/6qn9YLKt13AGvpq9jfO8py,https://i.scdn.co/image/ab67616d00004851bef074de9ca825bddaeb9f46,なし,5,0
58,As It Was,ハリー・スタイルズ,2022/5/20,0.222470787,0.93,0.387784091,0.361850131,0.72175981,0.701621074,0.920026749,0.66138722,https://open.spotify.com/track/4Dvkj6JhhA12EX05fT7y2e,https://i.scdn.co/image/ab67616d000048512e8ed79e177ff6011076f5f0,https://p.scdn.co/mp3-preview/f0c2adc40766cd8c1ec3f2bc6e1cc293a77ba684?cid=18308f0d5b8049c89ee330d9cfa4bc58,7,0
59,After LIKE,IVE,2022/8/22,0.253242662,0.88,0.615056818,0.108918425,0.948870392,1,0.516189486,0.811032223,https://open.spotify.com/track/2gYj9lubBorOPIVWsTXugG,https://i.scdn.co/image/ab67616d0000485187f53da5fb4ab1171766b2d5,https://p.scdn.co/mp3-preview/499578eafee7338706b51251e84b0f84360afd05?cid=18308f0d5b8049c89ee330d9cfa4bc58,6,0
60,Dynamite,BTS,2020/11/20,0.323505639,0.86,0.708806818,0.011767251,0.762187872,0.768779852,0.425624133,0.743309667,https://open.spotify.com/track/5QDLhrAOJJdNAmCTJ8xMyW,https://i.scdn.co/image/ab67616d00004851c07d5d2fdc02ae252fcd07e5,https://p.scdn.co/mp3-preview/d8777ce6505aa52625472591ca898146bf3b0914?cid=18308f0d5b8049c89ee330d9cfa4bc58,5,0
61,Unholy (feat. Kim Petras),サム・スミス,2022/9/22,0.189503195,1,0.663352273,0.013672176,0.413793103,0.554204661,0.566607225,0.198252321,https://open.spotify.com/track/3nqQXoyQOWXiESFLlDF1hG,https://i.scdn.co/image/ab67616d00004851a935e4689f15953311772cc4,なし,9,0
62,Romantic Homicide,d4vd,2022/7/20,0.112134365,0.93,0.460227273,0.479320505,0.49940547,0.31987263,0.57429331,0.174221737,https://open.spotify.com/track/1xK59OXxi2TAAAbmZK0kBL,https://i.scdn.co/image/ab67616d000048516870c3bd1adbc744cb8f386e,なし,2,0
63,"Out of Sight, out of Mind",Earthquake Lights,2022/4/7,0.295276342,0.46,0.221590909,0.270837048,0.353151011,0.546461138,0.004276468,0.156744948,https://open.spotify.com/track/4GJ5zWCI3N0ZP6vZ8aGOty,https://i.scdn.co/image/ab67616d00004851a1f484d484f1a7c4ce845320,なし,0,0
64,I'm Good (Blue),デヴィッド・ゲッタ,2022/8/26,0.247721545,0.98,0.446022727,0.003967641,1,0.82211608,0.541171323,0.270344074,https://open.spotify.com/track/4uUG5RXrOk84mYEfFvj3cK,https://i.scdn.co/image/ab67616d00004851933c036cd61cd40d3f17a9c4,https://p.scdn.co/mp3-preview/f387f0bdbce0f044f7bf9e2e6a87f59cd78f20a4?cid=18308f0d5b8049c89ee330d9cfa4bc58,9,0
65,Don't Be Cruel,Rich Fayden,2022/9/16,0.227654591,0.49,0.767045455,0.417939589,0.733650416,0.605731654,0.334134139,0.18405243,https://open.spotify.com/track/4sVZgEFEYBbF6pOGUEjzPo,https://i.scdn.co/image/ab67616d00004851367270871dcef9d4df88e2b7,https://p.scdn.co/mp3-preview/da295cd7a806634252412408360a0e968efd3de9?cid=18308f0d5b8049c89ee330d9cfa4bc58,3,0
66,Feel the Love,SAGA,2021/10/1,0.197080013,0.49,0.521306818,0.034414692,0.762187872,0.616008105,0.524981837,0.062807209,https://open.spotify.com/track/03rOXY2dOTKFghyvbXQx1r,https://i.scdn.co/image/ab67616d000048511adee451d50a2f2575c4a30f,https://p.scdn.co/mp3-preview/532ee458e6ace4fdeaafe03b1d4a2d07ddaa2625?cid=18308f0d5b8049c89ee330d9cfa4bc58,9,0
67,Shut Down,BLACKPINK,2022/9/15,0.249793157,0.81,0.811079545,0.003374998,0.673008323,0.717469967,0.39282412,0.689787002,https://open.spotify.com/track/7gRFDGEzF9UkBV233yv2dc,https://i.scdn.co/image/ab67616d00004851002ef53878df1b4e91c15406,なし,1,0
68,Higher Love,HUSH,2022/10/7,0.169913571,0.05,0.485795455,0.135375716,0.695600476,0.694890722,0.428125619,0.310759148,https://open.spotify.com/track/5B08Jd5EOpSToDbe928YP7,https://i.scdn.co/image/ab67616d000048510b3471702a5660635eb53930,https://p.scdn.co/mp3-preview/d319abc1d7828a21a5e431537912bececb1482d0?cid=18308f0d5b8049c89ee330d9cfa4bc58,9,0
69,Acapulco,The Sometimes Island,2021/8/26,0.202865253,0.42,0.704545455,0.229563674,0.432818074,0.598422348,0.206384981,0.696340797,https://open.spotify.com/track/2rUsrO3r74hZTk7WqT4ZiG,https://i.scdn.co/image/ab67616d00004851e20c9a1b9cd78aec2b44fb97,https://p.scdn.co/mp3-preview/e6ad72b6f9fd4b008f5785279cc85b1a6bf2f874?cid=18308f0d5b8049c89ee330d9cfa4bc58,1,0
70,Pink Venom,BLACKPINK,2022/9/15,0.285036023,0.79,0.633522727,0.015259613,0.725326992,0.640034737,0.97063437,0.711632987,https://open.spotify.com/track/5zwwW9Oq7ubSxoCGyW1nbY,https://i.scdn.co/image/ab67616d00004851002ef53878df1b4e91c15406,なし,7,0
71,Cruise,Austin Sands,2021/8/26,0.285691556,0.23,0.532670455,0.072830679,0.784780024,0.596902591,0.573872267,0.913708356,https://open.spotify.com/track/4ctNcmdNavzQrpAHrTk5C5,https://i.scdn.co/image/ab67616d00004851c26f737c31f565cb75722b45,https://p.scdn.co/mp3-preview/004e11cb957cbaaaeedadc9079df3738bc346844?cid=18308f0d5b8049c89ee330d9cfa4bc58,6,0
72,Miss You,southstar,2022/7/30,0.346834347,0.85,0.590909091,0.14384205,0.517241379,0.156100738,0.681246285,0.26160568,https://open.spotify.com/track/4tRhRLBxIZ34Iw0eCuiC03,https://i.scdn.co/image/ab67616d000048511b5f2557a7fe884d0e3d8b2a,https://p.scdn.co/mp3-preview/c0a9918f5700c1a2b59778b6171d1918ffa4c407?cid=18308f0d5b8049c89ee330d9cfa4bc58,2,0
73,STAY (with Justin Bieber),The Kid LAROI,2021/7/23,0.141331051,0.87,0.488636364,0.040446955,0.760998811,0.691055145,0.886987319,0.460404151,https://open.spotify.com/track/5PjdY0CKGZdEuoNab3yDmX,https://i.scdn.co/image/ab67616d000048518e6551a2944764bc8e33a960,https://p.scdn.co/mp3-preview/40a8daf1f3cbb5c6363e68de859ba4af3377344c?cid=18308f0d5b8049c89ee330d9cfa4bc58,7,0
74,Sexual (Li Da Di),Shab,2022/9/30,0.262321479,0.54,0.732954545,0.006348797,0.838287753,0.761181068,0.540246681,0.47678864,https://open.spotify.com/track/0NTrWViw23JWtREa4JTqIc,https://i.scdn.co/image/ab67616d00004851d3cd60a7640c711d438c4434,https://p.scdn.co/mp3-preview/cfb3db6518afe02fc5e466762b1de75c2883d29b?cid=18308f0d5b8049c89ee330d9cfa4bc58,5,0
75,aux cord,Amanda Frances,2022/8/12,0.191215219,0.32,0.428977273,0.342800881,0.412604043,0.380301057,0.806130705,0.389404697,https://open.spotify.com/track/3UnJDcEeuqcKkMydSzRKZz,https://i.scdn.co/image/ab67616d00004851f8421ab342bfc90e9449c471,https://p.scdn.co/mp3-preview/d53064dd9256b60a38c478c3fb8c736d683f54fa?cid=18308f0d5b8049c89ee330d9cfa4bc58,2,0
76,Running from Love,Sevenn,2022/9/23,0.19512296,0.51,0.575284091,0.014624638,0.934601665,0.594224924,0.507091672,0.066084107,https://open.spotify.com/track/0764dwS4WsS3irEwi9ljEO,https://i.scdn.co/image/ab67616d000048514c46e8fba0f595c4f8f68547,https://p.scdn.co/mp3-preview/8841449352a812470e9d6e327d31646af5371ce4?cid=18308f0d5b8049c89ee330d9cfa4bc58,9,0
77,Cold Nights,LZRD,2022/7/1,0.270359716,0.38,0.563920455,0.333276256,0.730083234,0.782240556,0.325597715,0.489896232,https://open.spotify.com/track/4Md728gr9wczW4VME5Qv9M,https://i.scdn.co/image/ab67616d000048516e33b899873c7ba9e1deddef,https://p.scdn.co/mp3-preview/9e1ad8289141f4b3f35da78a68e49133bb90d3b1?cid=18308f0d5b8049c89ee330d9cfa4bc58,3,0
78,Just Say It - Martron Remix,Charlie Crown,2022/10/13,0.2382545,0.01,0.268465909,0.060977813,0.676575505,0.582066869,0.418532462,0.611141453,https://open.spotify.com/track/7lgoK0JjofJpQv0WpJgpV2,https://i.scdn.co/image/ab67616d0000485132e8aafa14bd9d54cd70e4fe,https://p.scdn.co/mp3-preview/bc5d60999b4dd361d6bccb90a0ce24500f4a57c4?cid=18308f0d5b8049c89ee330d9cfa4bc58,5,0
79,Left and Right (Feat. Jung Kook of BTS),チャーリー・プース,2022/10/6,0.181684529,0.74,0.900568182,0.65499692,0.55648038,0.733463598,0.31841523,0.72364828,https://open.spotify.com/track/5Odq8ohlgIbQKMZivbWkEo,https://i.scdn.co/image/ab67616d0000485135d2e0ed94a934f2cc46fa49,https://p.scdn.co/mp3-preview/7b872d741e9af03f02569b2f1f5b7e738c573d34?cid=18308f0d5b8049c89ee330d9cfa4bc58,8,0
80,TEAR ME UP,Khamsin,2022/10/10,0.254572821,0.41,0.292613636,0,0.736028537,0.587277464,0.623365366,0.051884216,https://open.spotify.com/track/5Jsc4Z9MkLB6tfjpByhQzR,https://i.scdn.co/image/ab67616d000048516404ae1b717e8202cf3b0859,https://p.scdn.co/mp3-preview/61732cd2d27adbb2eb72a62d42018b205a6e9c23?cid=18308f0d5b8049c89ee330d9cfa4bc58,9,0
81,Miss You,Oliver Tree,2022/8/5,0.345612383,0.86,0.482954545,0.013460517,0.734839477,0.60739615,0.681246285,0.155652649,https://open.spotify.com/track/73vIOb4Q7YN6HeJTbscRx5,https://i.scdn.co/image/ab67616d000048515b1bff1152ef6d402c9b75a8,https://p.scdn.co/mp3-preview/524ace4f6ea6cbbd8a192a402597a781210be07d?cid=18308f0d5b8049c89ee330d9cfa4bc58,9,0
82,Forget About It,Liinks,2022/9/16,0.228574247,0.4,0.784090909,0.383015964,0.764565993,0.792299899,0.64044647,0.531403605,https://open.spotify.com/track/3vkpboGjPmygHJaSTboG5c,https://i.scdn.co/image/ab67616d00004851e6644ca0f77afe9135beab27,https://p.scdn.co/mp3-preview/86dc3b893bf28971b149740c4120a71d5e75325f?cid=18308f0d5b8049c89ee330d9cfa4bc58,3,0
83,Rich Girl,Charlie Miller,2022/10/14,0.316355235,0.2,0.434659091,0.294119465,0.760998811,0.818352873,0.309399974,0.543418897,https://open.spotify.com/track/6iScWZ7q2rcAv6YQzDnySM,https://i.scdn.co/image/ab67616d000048517374fe5e42556d5a9d1730e0,https://p.scdn.co/mp3-preview/562bf6f8a0db38f321aba963c2b4923f8e4149da?cid=18308f0d5b8049c89ee330d9cfa4bc58,5,0
84,Permission to Dance,BTS,2021/7/23,0.287012169,0.81,0.646306818,0.005671491,0.733650416,0.702200029,0.515454726,0.643910431,https://open.spotify.com/track/3XYRV7ZSHqIRDG87DKTtry,https://i.scdn.co/image/ab67616d00004851a7e481899b7e0396f93d10b8,https://p.scdn.co/mp3-preview/4fd3d9d44ec4beaa1483be6c5fa5ff068ad4c721?cid=18308f0d5b8049c89ee330d9cfa4bc58,5,0
85,Nightshift,Steinsdotter,2022/10/7,0.225226573,0.25,0.764204545,0.133259133,0.31391201,0.476552323,0.475175021,0.577280175,https://open.spotify.com/track/2T2evTAmgzFyZMS9R0TLUl,https://i.scdn.co/image/ab67616d00004851c667f895fb5335fe3a39fdc2,https://p.scdn.co/mp3-preview/521fc02c8665a00cba3754dd5bae070781854249?cid=18308f0d5b8049c89ee330d9cfa4bc58,1,0
86,Tell Me Lies,Rockie Brown,2022/9/30,0.256618976,0.47,0.680397727,0.242263174,0.560047562,0.516572586,0.474968628,0.314036046,https://open.spotify.com/track/2YlN1O3AGaN41wQvK1vTRj,https://i.scdn.co/image/ab67616d000048513795547a01820b40222a811a,https://p.scdn.co/mp3-preview/eaf133aef6f59b74338262191be5b2cf972e0796?cid=18308f0d5b8049c89ee330d9cfa4bc58,3,0
87,Serenity,Shab,2022/7/29,0.334493776,0.47,0.626420455,0.054416405,0.560047562,0.502171081,0.458110429,0.279082469,https://open.spotify.com/track/4dti9wNv11Znl6vIsMgvpT,https://i.scdn.co/image/ab67616d000048510f96b6acd579a3a567943457,https://p.scdn.co/mp3-preview/e865da462366a189653d6ca74d268c89d8a6cc7f?cid=18308f0d5b8049c89ee330d9cfa4bc58,9,0
88,Home,Jordi Highdale,2022/9/30,0.369475701,0.11,0.321022727,0.154424966,0.797859691,0.779056303,0.619113665,0.163298744,https://open.spotify.com/track/3AWqDNAXJfBk46HSmjwuUo,https://i.scdn.co/image/ab67616d000048512c324ba7d42b37a43f39133b,https://p.scdn.co/mp3-preview/c7464584ce3f3037f469ea85effebb550afabea1?cid=18308f0d5b8049c89ee330d9cfa4bc58,9,0
89,Does This Do It For You?,Slow Flame,2022/9/24,0.403541152,0.27,0.563920455,0.01441298,0.848989298,0.459183673,0.515966581,0.831785909,https://open.spotify.com/track/3sWNOUuxsbnpGiGxqbpuMT,https://i.scdn.co/image/ab67616d0000485104f58ee69a89a0cbf4367cc3,https://p.scdn.co/mp3-preview/a536d6ee74abefbf4b62e13563a65bc637a0ff7c?cid=18308f0d5b8049c89ee330d9cfa4bc58,6,0
90,Spliff,Suchii,2022/9/15,0.199686235,0.19,0.659090909,0.280361673,0.420927467,0.50571718,0.632265042,0.438558165,https://open.spotify.com/track/5UQySlqloChJDiTVPHUElE,https://i.scdn.co/image/ab67616d0000485134c5281d1286fe8ccf328076,https://p.scdn.co/mp3-preview/52cad435c9f2cbe077de6cf265028cbba148319a?cid=18308f0d5b8049c89ee330d9cfa4bc58,1,0
91,We Are Free,Zanillya,2022/7/15,0.163154579,0.27,0.728693182,0.038647859,0.643281807,0.709871183,0.31847302,0.422173676,https://open.spotify.com/track/3YJBdaKZwkdRZQlZCN5jL5,https://i.scdn.co/image/ab67616d0000485163d5dc305bb4ecc5486946e8,https://p.scdn.co/mp3-preview/28418579f89bdb2b8e740a5279e2c6a76bf8d93a?cid=18308f0d5b8049c89ee330d9cfa4bc58,5,0
92,Bad Habit,Steve Lacy,2022/7/15,0.428559609,0.89,0.623579545,0.64864717,0.439952438,0.574612824,0.878880193,0.702894593,https://open.spotify.com/track/4k6Uh1HXdhtusDW5y8Gbvy,https://i.scdn.co/image/ab67616d0000485168968350c2550e36d96344ee,https://p.scdn.co/mp3-preview/b46cf3781e6cbe5bd01b8a81e333899c7f9cdfc5?cid=18308f0d5b8049c89ee330d9cfa4bc58,8,0
93,River,Dead People,2022/10/7,0.374847254,0.44,0.616477273,0.549167754,0.565992866,0.58655377,0.450424344,0.524849809,https://open.spotify.com/track/0Z1r7KhlSYKTFwsaT7oEb8,https://i.scdn.co/image/ab67616d0000485198ab6d106f69f7241f6103d9,なし,3,0
94,Stuck On You,Liu,2022/8/12,0.231053181,0.52,0.650568182,0.117384758,0.656361474,0.281878709,0.525353345,0.114145276,https://open.spotify.com/track/4OfmtNA4kVMcnT7ef7gR9w,https://i.scdn.co/image/ab67616d00004851894bec0fbdbc33e474e649ed,なし,9,0
95,Gangsta's Paradise,クーリオ,1995/11/7,0.456012449,0.89,0.568181818,0.069232488,0.46373365,0.360616587,0.144359686,0.359912616,https://open.spotify.com/track/1DIXPcTDzTj8ZMHt3PDt8p,https://i.scdn.co/image/ab67616d00004851c31d3c870a3dbaf7b53186cc,https://p.scdn.co/mp3-preview/ee6e8e88dde3d296bcb3f2f6988f3cc9c5ae17a8?cid=18308f0d5b8049c89ee330d9cfa4bc58,0,0
96,Tell Me,borne,2022/10/7,0.339247982,0.36,0.303977273,0.225330507,0.457788347,0.359531046,0.68113896,0.351174222,https://open.spotify.com/track/5JrbD6lwk7ZioR5mQt8Eaf,https://i.scdn.co/image/ab67616d00004851c9e80b829cd9680f55524d16,https://p.scdn.co/mp3-preview/3eba141f5a0b269f20013233a8f8ea5b8391826b?cid=18308f0d5b8049c89ee330d9cfa4bc58,2,0
97,Under The Influence,クリス・ブラウン,2019/10/4,0.27755467,0.96,0.690340909,0.067115904,0.673008323,0.687798524,0.449962024,0.27689787,https://open.spotify.com/track/5IgjP7X4th6nMNDh4akUHb,https://i.scdn.co/image/ab67616d000048519a494f7d8909a6cc4ceb74ac,https://p.scdn.co/mp3-preview/965e3507e36132cea916d28f8faa64a581f5fb5e?cid=18308f0d5b8049c89ee330d9cfa4bc58,9,0
98,Naive,Kris James,2021/11/5,0.253109009,0.13,0.446022727,0.25284609,0.620689655,0.602619771,0.358835282,0.620972146,https://open.spotify.com/track/4l4CwOZUR1r2Vw0xSvE3PA,https://i.scdn.co/image/ab67616d0000485189d0fed4b18283ee8413b2d9,https://p.scdn.co/mp3-preview/9b61fc1a71dd13ead13023d09ab05dd8b28dfab8?cid=18308f0d5b8049c89ee330d9cfa4bc58,3,0
99,Glimpse of Us,Joji,2022/6/10,0.432982867,0.95,0.274147727,0.942852251,0.229488704,0.417933131,0.886871739,0.2310213,https://open.spotify.com/track/6xGruZOHLs39ZbVccQTuPZ,https://i.scdn.co/image/ab67616d0000485108596cc28b9f5b00bfe08ae7,https://p.scdn.co/mp3-preview/071c22f355ed0d03fdc176dcb25a487f5ffb661c?cid=18308f0d5b8049c89ee330d9cfa4bc58,4,0
100,Wait For It,Selina Mour,2022/9/23,0.191762557,0.46,0.747159091,0.298352631,0.850178359,0.769286438,0.52416452,0.867831786,https://open.spotify.com/track/0i0V2Bc2d0VNJjLKUTcgdQ,https://i.scdn.co/image/ab67616d0000485189ecf094ca6e92770e6002d1,https://p.scdn.co/mp3-preview/d320e5898dc59c0c0c1f43527960a2ca9a4f85b9?cid=18308f0d5b8049c89ee330d9cfa4bc58,6,0
101,Creatures of the Night,Tara Mcdonald,2022/9/30,0.301930323,0.34,0.829545455,0.158658133,0.752675386,0.587639311,0.449730863,0.870016384,https://open.spotify.com/track/2j1RnRWcs9GRpZBnoJIdyC,https://i.scdn.co/image/ab67616d000048519e8855c1c5e6d897347412d9,https://p.scdn.co/mp3-preview/ac83f32b8aa5614f31bc1f4a09395b060d98ed61?cid=18308f0d5b8049c89ee330d9cfa4bc58,6,0
102,Moderation (At Night),Westend,2022/9/9,0.246073165,0.52,0.606534091,0.264487298,0.87039239,0.620856853,0.515784955,0.277990169,https://open.spotify.com/track/7kyiBfD6aY6qsfLd0Hja3w,https://i.scdn.co/image/ab67616d000048511551b20fd33d51e9e34f84cf,https://p.scdn.co/mp3-preview/70cc081bd4f5616e1711fa92b233189dcd6ac73b?cid=18308f0d5b8049c89ee330d9cfa4bc58,9,0
103,Another Love,Tom Odell,2013/6/17,0.467681576,0.64,0.276988636,0.758709502,0.492271106,0.469170647,0.49756456,0.090114691,https://open.spotify.com/track/7jtQIBanIiJOMS6RyCx6jZ,https://i.scdn.co/image/ab67616d000048511b51f809c31f0d98f67c0b7d,https://p.scdn.co/mp3-preview/3d0645699f24cf41b4d517478df5a04bcb04b25b?cid=18308f0d5b8049c89ee330d9cfa4bc58,4,0
104,Fight After Fight,Jack Shore,2022/9/30,0.44276495,0.37,0.318181818,0.019810267,0.533888228,0.570343031,0.144590846,0.394866193,https://open.spotify.com/track/1BeXMzyY8cqZgQrNGAQ8Az,https://i.scdn.co/image/ab67616d00004851f887d2d4061bc5b09411ab4a,https://p.scdn.co/mp3-preview/3ea7b176c45c08f28274dc6d771e8e266c13a859?cid=18308f0d5b8049c89ee330d9cfa4bc58,0,0
105,Don't Slip,A!MS,2022/8/26,0.221958453,0.45,0.761363636,0.040129467,0.85255648,0.825445072,0.40855954,0.688694702,https://open.spotify.com/track/3uBzgnU3h0Phn76VqUoU3Z,https://i.scdn.co/image/ab67616d0000485184e78b677c803f06096c4176,https://p.scdn.co/mp3-preview/85f3403112901bc38a7be23a779489927a5425c1?cid=18308f0d5b8049c89ee330d9cfa4bc58,5,0
106,Bolivia,The Planetoids,2022/9/9,0.354363433,0.26,0.713068182,0.263429007,0.764565993,0.569546968,0.334274486,0.505188422,https://open.spotify.com/track/7wNQujBvq5QpRfuVPUReMA,https://i.scdn.co/image/ab67616d0000485108e5f63335d66fab322af370,https://p.scdn.co/mp3-preview/bca0d9ae6a425ab6de5db25ed85113b4e003611d?cid=18308f0d5b8049c89ee330d9cfa4bc58,3,0
107,Doja,Central Cee,2022/7/21,0,0.93,0.943181818,0.402065214,0.533888228,0.550224345,0.640240077,1,https://open.spotify.com/track/3LtpKP5abr2qqjunvjlX5i,https://i.scdn.co/image/ab67616d000048513c7d945b6baf935e8a0ebdaa,https://p.scdn.co/mp3-preview/60ab803cd53b123a5c8968dfe6f63a7c2a979fa0?cid=18308f0d5b8049c89ee330d9cfa4bc58,8,0
108,Fly,Kuba Więcek,2022/10/13,0.166435427,0.43,0.464488636,0.114209883,0.601664685,0.546388768,0.80528862,0.807755325,https://open.spotify.com/track/3aWAgrb0gACu1LQWQfcUsw,https://i.scdn.co/image/ab67616d0000485102c3b27a614e43abf8f5c5e7,https://p.scdn.co/mp3-preview/2e8f8bd2916e71d4baddbacdecd451df49ac71e5?cid=18308f0d5b8049c89ee330d9cfa4bc58,7,0
109,On My Mind,Front Row Seats,2022/9/26,1,0.3,0.725852273,0.254962674,0.542211653,0.519539731,0.293086652,0.370835609,https://open.spotify.com/track/6IBoMhioaibejrWNORVRCZ,https://i.scdn.co/image/ab67616d00004851f23c6b92d34a0a5a2414699b,https://p.scdn.co/mp3-preview/f16238711e3795f1f332051068f5707aac7bf959?cid=18308f0d5b8049c89ee330d9cfa4bc58,3,0
110,Yet To Come,BTS,2022/6/10,0.306130827,0.85,0.443181818,0.045632584,0.904875149,0.761181068,0.904332607,0.684325505,https://open.spotify.com/track/10SRMwb9EuVS1K9rYsBfHQ,https://i.scdn.co/image/ab67616d0000485117db30ce3f081d6818a8ad49,https://p.scdn.co/mp3-preview/631b062a052be667ff5431550e3d8e747a1c7245?cid=18308f0d5b8049c89ee330d9cfa4bc58,7,0
111,I Found,Josh Kinney,2022/9/30,0.381787633,0.31,0.480113636,0.001290163,0.854934602,0.677015487,0.739044647,0.689787002,https://open.spotify.com/track/6od4U2aVNpa4pdGJipNGyX,https://i.scdn.co/image/ab67616d00004851d657b61bf11ee0d30cbbf6d9,https://p.scdn.co/mp3-preview/533c0b252d800c20cc52caa34ab9da1e487a7acc?cid=18308f0d5b8049c89ee330d9cfa4bc58,7,0
112,Word on the Street,L'Marco,2022/8/3,0.075125379,0.29,0.900568182,0.168182758,0.419738407,0.55311912,0.475001651,0.433096668,https://open.spotify.com/track/2B8fMEQ6oTrR4hySrz6ghZ,https://i.scdn.co/image/ab67616d00004851768dd631ebafdf51602edc7e,https://p.scdn.co/mp3-preview/8d89bdde2dddb184605b5a1c1bfd7d1656a024cd?cid=18308f0d5b8049c89ee330d9cfa4bc58,1,0
113,Only You,STANY,2022/10/14,0.311285991,0.62,0.613636364,0.027959113,0.719381688,0.574902301,0.326373753,0.812124522,https://open.spotify.com/track/1bg9gGJbrPxpaftqNgWpOz,https://i.scdn.co/image/ab67616d000048516e91eb13102f7ab15fe96a62,なし,6,0
114,needs and wants,Jun Yoon,2022/8/12,0.220962425,0.39,0.646306818,0.758709502,0.262782402,0.262338978,0.161341721,0.281267067,https://open.spotify.com/track/21jPYG9N8uYNgTk78uv61l,https://i.scdn.co/image/ab67616d00004851377875527b7e153762564ebd,https://p.scdn.co/mp3-preview/06a2baa53556d853dacc9311bc4e69a05edf68fb?cid=18308f0d5b8049c89ee330d9cfa4bc58,4,0
115,I Like You (A Happier Song) (with Doja Cat),ポスト・マローン,2022/6/3,0.30373463,0.92,0.690340909,0.127967675,0.649227111,0.653061224,0.317639192,0.453850355,https://open.spotify.com/track/0O6u0VJ46W86TxN9wgyqDj,https://i.scdn.co/image/ab67616d0000485134362676667a4322838ccc97,なし,3,0
116,Bitch,LUMRY,2022/10/14,0.411003411,0.27,0.548295455,0.264487298,0.426872771,0.473512809,0.210603659,0.125068269,https://open.spotify.com/track/7vK7BLktG0ETPhEtaNcPQj,https://i.scdn.co/image/ab67616d00004851cc45dbad83c64283f42313ab,https://p.scdn.co/mp3-preview/475cf60de37113ef2f603310cfa70873e52fc4a3?cid=18308f0d5b8049c89ee330d9cfa4bc58,0,0
117,Loin d'ici (far from here),ZOË,2022/5/6,0.215940913,0.45,0.404829545,0.126909383,0.883472057,0.825300333,0.764703454,0.321682141,https://open.spotify.com/track/2psZczrdmEKcXMV54KhLP5,https://i.scdn.co/image/ab67616d00004851597ba506436ad7d145a4a257,https://p.scdn.co/mp3-preview/a71cfd75db80cda5f8413d4c1146cfed857436ab?cid=18308f0d5b8049c89ee330d9cfa4bc58,7,0
118,HOT HEAD,CASSETTE BOY,2022/9/30,0.346885263,0.3,0.519886364,0.031768963,0.488703924,0.426472717,0.309160557,0.181867832,https://open.spotify.com/track/71z0JQQgSJ3cqqvfqYqisI,https://i.scdn.co/image/ab67616d000048513c0088e605905b1b35167e5d,https://p.scdn.co/mp3-preview/4adc6a24203f23f6ec2051d55f173d80c252c9b9?cid=18308f0d5b8049c89ee330d9cfa4bc58,0,0
119,Cling to Life - Morcheeba Remix,Perry Farrell,2022/9/16,0.559497594,0.46,0.633522727,0.008772285,0.979785969,0.682877406,0.474976884,0.632987439,https://open.spotify.com/track/0Qa5KvHL207ciySFC7Flr7,https://i.scdn.co/image/ab67616d000048511a8c6149795821550eaf9fea,https://p.scdn.co/mp3-preview/c198c514ba728996b560a90d476bcdc9e67196a8?cid=18308f0d5b8049c89ee330d9cfa4bc58,5,0
120,Ghost,ジャスティン・ビーバー,2021/3/19,0.177560398,0.89,0.502840909,0.195698341,0.733650416,0.684903749,0.755159831,0.419989077,https://open.spotify.com/track/6I3mqTwhRpn34SLVafSH7G,https://i.scdn.co/image/ab67616d00004851e6f407c7f3a0ec98845e4431,なし,7,0
121,Leave You Cold,Nash McGrew,2022/9/5,0.43172908,0.29,0.576704545,0.587266254,0.545778835,0.602547402,0.143831319,0.324959039,https://open.spotify.com/track/74kx98V0XZASfdmWnZA7mB,https://i.scdn.co/image/ab67616d00004851e45135da6d2f3531534dbe81,https://p.scdn.co/mp3-preview/a76c70e5aeb9986476056a2a4a61f4d9a1264c5e?cid=18308f0d5b8049c89ee330d9cfa4bc58,3,0
122,Back to Life,John West,2022/9/23,0.087526412,0.39,0.748579545,0.992591958,0,0.029237227,0.292921538,0.654833424,https://open.spotify.com/track/7AWPD1VT4U8RnbBcVzmXNu,https://i.scdn.co/image/ab67616d00004851094b00728cd6977f40ce3fa7,https://p.scdn.co/mp3-preview/1818b9e1723993e8ca216ee16d262108774d5a96?cid=18308f0d5b8049c89ee330d9cfa4bc58,4,0
123,This Thing Called Life,Salute the Soldier,2022/10/12,0.413281867,0.26,0.558238636,0.013672176,0.77764566,0.62237661,0.640545539,0.583833971,https://open.spotify.com/track/1C1oqL8cqjAulGg4S0I6r5,https://i.scdn.co/image/ab67616d0000485121bc10e4be317ae47a628d63,https://p.scdn.co/mp3-preview/f4b1d2b96b61670d99c3ba3ee245f9ef83a133d7?cid=18308f0d5b8049c89ee330d9cfa4bc58,7,0
124,Heat Waves,Glass Animals,2020/8/6,0.450004455,0.89,0.730113636,0.465562713,0.476813317,0.588580113,0.151748564,0.518296013,https://open.spotify.com/track/02MWAaffLxlfxAUY7c5dvx,https://i.scdn.co/image/ab67616d000048519e495fb707973f3390850eea,なし,3,0
125,Never Buy My Love,Nicola Høie,2022/9/16,0.260202133,0.33,0.667613636,0.171357633,0.567181926,0.659502099,0.242124034,0.352266521,https://open.spotify.com/track/5XXkcUVA5izVmB6YQJYKJp,https://i.scdn.co/image/ab67616d000048519af5526bd11db9ceab2073df,https://p.scdn.co/mp3-preview/e2cb82e3dfc1ecb272479e314ee4ca82f9d1b596?cid=18308f0d5b8049c89ee330d9cfa4bc58,3,0
126,On My Way Down,ZenAware,2022/10/7,0.324243909,0.33,0.602272727,0.953435167,0.450653983,0.436966276,0.408840235,0,https://open.spotify.com/track/3PxI6jguzJLYLnQ6JPvILV,https://i.scdn.co/image/ab67616d000048513cf1de4a3eead4c380eefa09,https://p.scdn.co/mp3-preview/4bfeeb87394666b1330a3bea496f345b1cf13b33?cid=18308f0d5b8049c89ee330d9cfa4bc58,4,0
127,6000 Miles,Ryan.Song,2022/9/23,0.312517502,0.41,0.569602273,0.701561753,0.424494649,0.394702562,0.309763226,0.448388859,https://open.spotify.com/track/230rjz7H9W3vKIHexuD3PB,https://i.scdn.co/image/ab67616d000048513f8647e515f2495982a60501,https://p.scdn.co/mp3-preview/2a1a3c8ac846e4ae8f6763ed3668b71f8c73ff31?cid=18308f0d5b8049c89ee330d9cfa4bc58,4,0
128,UPS AND DOWNS,Manafest,2022/1/28,0.308371095,0.41,0.465909091,1.95E-05,0.713436385,0.673541757,0.276913678,0.603495358,https://open.spotify.com/track/2lKoPdYVhWsTiZpi23BBdH,https://i.scdn.co/image/ab67616d0000485133b1eb6d4628cd3aac2ffadc,https://p.scdn.co/mp3-preview/3ea68bf071935a50ed5267d4e16d560d780ee39f?cid=18308f0d5b8049c89ee330d9cfa4bc58,5,0
129,Everything,Danya,2022/10/7,0.255059698,0.28,0.71875,0.127967675,0.502972652,0.57280359,0.788050657,0.578372474,https://open.spotify.com/track/6GvsNnxCu096ACc7Lkyqt8,https://i.scdn.co/image/ab67616d0000485172cd3730561f0159e25b024e,https://p.scdn.co/mp3-preview/b20c2839ade6514df8861d862dea64404f19f192?cid=18308f0d5b8049c89ee330d9cfa4bc58,1,0
130,Souls,Catas,2022/9/30,0.283400372,0.36,0.194602273,0.288828007,0.61117717,0.598567086,0.720122515,0.090114691,https://open.spotify.com/track/7rIShlYtNZDxMz2BNMFNHC,https://i.scdn.co/image/ab67616d000048518c71682393c2dcdf2d10b060,https://p.scdn.co/mp3-preview/7379fb1debb1347591f54e0c586606dd095c3e9e?cid=18308f0d5b8049c89ee330d9cfa4bc58,2,0
131,Bad Decisions (with BTS & Snoop Dogg),benny blanco,2022/8/5,0.239689672,0.88,0.731534091,0.01949278,0.876337693,0.849399334,0.475191533,0.981430912,https://open.spotify.com/track/0xzI1KAr0Yd9tv8jlIk3sn,https://i.scdn.co/image/ab67616d000048518c47a33a55c6d23cc9d2cf3f,なし,6,0
132,Pity Party,Tiggi Hawke,2022/9/23,0.214553474,0.39,0.5625,0.100557921,0.613555291,0.738818932,0.68158477,0.450573457,https://open.spotify.com/track/6qorfNFFdjLffIFyGPtdxs,https://i.scdn.co/image/ab67616d0000485125212197231ecc5c9f22a781,https://p.scdn.co/mp3-preview/0a9e4a81148199862c8d9256f301525d7f1fdb00?cid=18308f0d5b8049c89ee330d9cfa4bc58,7,0
133,LOVE DIVE,IVE,2022/4/5,0.25392047,0.85,0.647727273,0.00392531,0.695600476,0.786220871,0.457796711,0.525942108,https://open.spotify.com/track/0Q5VnK2DYzRyfqQRJuUtvi,https://i.scdn.co/image/ab67616d000048519016f58cc49e6473e1207093,https://p.scdn.co/mp3-preview/7cbda32c426b2a68b99f6ed636bbd4dfe95d047e?cid=18308f0d5b8049c89ee330d9cfa4bc58,5,0
134,Jimmy Cooks (feat. 21 Savage),ドレイク,2022/6/17,0.384957104,0.91,0.400568182,0.00023928,0.652794293,0.746996671,0.853906611,0.33806663,https://open.spotify.com/track/3F5CgOj3wFlRv51JsHbxhe,https://i.scdn.co/image/ab67616d000048518dc0d801766a5aa6a33cbe37,なし,7,0
135,Edge of My Life,Manafest,2014/8/5,0.368298287,0.52,0.774147727,0.089657517,0.839476813,0.741641337,0.350975827,0.73784817,https://open.spotify.com/track/62WdfUYvjlipypyidc1dSz,https://i.scdn.co/image/ab67616d00004851e02a4bf2bd22d1bab841126b,https://p.scdn.co/mp3-preview/e75ccec5f6a2a041d9a24b71f1ea5d10147c061e?cid=18308f0d5b8049c89ee330d9cfa4bc58,6,0
136,Super Freaky Girl,ニッキー・ミナージュ,2022/8/26,0.23416219,0.83,1,0.05378143,0.896551724,0.902301346,0.582235321,0.946477335,https://open.spotify.com/track/2yjlYDiNiQkdxVqTlaSrlX,https://i.scdn.co/image/ab67616d00004851facb808b493713699283feca,なし,6,0
137,I Ain't Worried,ワンリパブリック,2022/5/13,0.162588147,0.97,0.649147727,0.087329275,0.800237812,0.658995513,0.639860313,0.839432004,https://open.spotify.com/track/4h9wh7iOZ0GGn8QVp4RAOB,https://i.scdn.co/image/ab67616d00004851ec96e006b8bdfc582610ec13,なし,6,0
138,Wait And See,Sonny J. Maxon,2022/7/5,0.301392531,0.22,0.686079545,0.012190567,0.489892985,0.308510638,0.350695132,0.655925724,https://open.spotify.com/track/2TPn1lAh7C0BazGu7F9lyI,https://i.scdn.co/image/ab67616d00004851dc6faa2cdafc32a9a562e70c,https://p.scdn.co/mp3-preview/7f4417ffb2e31d743bcc511b00a7825fd6387d0f?cid=18308f0d5b8049c89ee330d9cfa4bc58,1,0
139,I'm Alright,LEROCQUE,2022/10/7,0.261529111,0.27,0.420454545,0.084895204,0.74078478,0.563612679,0.722458886,0.362097215,https://open.spotify.com/track/1LLdp7MwnSx03Cbw2tp2gG,https://i.scdn.co/image/ab67616d000048518ee30fbcf314f3a3a5787a3b,https://p.scdn.co/mp3-preview/b17072c97f9c3e559b952fcb2829932c2b701730?cid=18308f0d5b8049c89ee330d9cfa4bc58,7,0
140,No Protection,Riva Taylor,2022/9/21,0.330824699,0.42,0.633522727,0.289886298,0.502972652,0.602257924,0.532791757,0.865647187,https://open.spotify.com/track/2IG0OoDoOLAjeRmAdZ56aA,https://i.scdn.co/image/ab67616d000048512597b385b2d321154c87cba9,https://p.scdn.co/mp3-preview/c21ed5764157b6cbae7d7ba0478d990a8a603371?cid=18308f0d5b8049c89ee330d9cfa4bc58,1,0
141,Live Your Fantasy,Kevin Gauthier,2022/9/9,0.26559278,0.32,0.697443182,0.052088163,0.489892985,0.585902446,0.425335183,0.725832878,https://open.spotify.com/track/0nxmoAX8A29PefMvEutZAs,https://i.scdn.co/image/ab67616d00004851441b2bf787a718d526613dcd,https://p.scdn.co/mp3-preview/73158d7a3fd876abe6905c231c16d94a8844666d?cid=18308f0d5b8049c89ee330d9cfa4bc58,1,0
142,XO,Anna-Sophie,2022/7/8,0.268603141,0.35,0.502840909,0.232738549,0.921521998,0.786003763,0.475290602,0.626433643,https://open.spotify.com/track/2so0tpvrhkMMrJxWlBsXqd,https://i.scdn.co/image/ab67616d00004851ecec2346b1510daa4aebd11e,https://p.scdn.co/mp3-preview/78549717412d84f491222c23e02af58e91b99c7c?cid=18308f0d5b8049c89ee330d9cfa4bc58,5,0
143,sail away,lovelytheband,2022/6/24,0.259692981,0.71,0.704545455,0.264487298,0.845422117,0.751049356,0.474952117,0.981430912,https://open.spotify.com/track/6G8xvLFNkXy3HM5EbQI6c8,https://i.scdn.co/image/ab67616d00004851d1d61807e8d5d6d21602753f,https://p.scdn.co/mp3-preview/6d9ed7ffba60a38e9899a3f3ad8735f4bf605770?cid=18308f0d5b8049c89ee330d9cfa4bc58,6,0
144,Tell Me Why,Mendum,2022/8/12,0.339247982,0.34,0.205965909,0.003988807,0.837098692,0.809885656,0.639612641,0.041616603,https://open.spotify.com/track/1Ic5GlyRW3eTYC9Yx6kHnb,https://i.scdn.co/image/ab67616d00004851113066dfc217160a572d3a42,https://p.scdn.co/mp3-preview/6a5a2c849422055c23c8add63d5633f15c5a1db7?cid=18308f0d5b8049c89ee330d9cfa4bc58,9,0
145,Liar Liar,Ceara Cavalieri,2022/9/30,0.224968814,0.46,0.379261364,0.017799513,0.808561237,0.809089593,0.888382537,0.642818132,https://open.spotify.com/track/3Or3mHW0EXc2AyJyWKn5h0,https://i.scdn.co/image/ab67616d000048517d55c8598fdc1982035e7714,https://p.scdn.co/mp3-preview/ad53050809b0d7670999b2872f75cea85f1f934f?cid=18308f0d5b8049c89ee330d9cfa4bc58,7,0
146,Hurry,THIRTY-THR33,2022/9/30,0.335076118,0.34,0.599431818,0.020656901,0.50059453,0.516283109,0.986774321,0.583833971,https://open.spotify.com/track/14LnATs5iF2MO3W8qngjNa,https://i.scdn.co/image/ab67616d0000485138c1c6011b9f925eeaef5129,https://p.scdn.co/mp3-preview/d1dcc102c431a4ffc1632c1f4ebf9c1055b02f16?cid=18308f0d5b8049c89ee330d9cfa4bc58,7,0
147,Open Up,VAMERO,2022/9/16,0.18713882,0.61,0.710227273,0.035472984,0.8156956,0.753944131,0.475257579,0.536865101,https://open.spotify.com/track/1txmvzFv558zaWVAzVZvPR,https://i.scdn.co/image/ab67616d00004851d3f569253932bafc3ab19a04,https://p.scdn.co/mp3-preview/bf8b08b422ca8a4cf6dbf650b20a9e77a5d854cb?cid=18308f0d5b8049c89ee330d9cfa4bc58,5,0
148,Immortal,D4RRYL,2022/9/23,0.243495583,0.36,0.640625,0.177707383,0.862068966,0.689245911,0.351958259,0.222282906,https://open.spotify.com/track/61FmTP88GDMhpyhitnN5zI,https://i.scdn.co/image/ab67616d00004851da6cf43696c859ea4e0de0ac,https://p.scdn.co/mp3-preview/6851007a19801b18bb56d814df0b2a5dc5448710?cid=18308f0d5b8049c89ee330d9cfa4bc58,9,0
149,Stay,Nick Elliott,2022/9/23,0.267724854,0.45,0.552556818,0.042669367,0.751486326,0.674989145,0.498959778,0.175314036,https://open.spotify.com/track/7Gt6D2t6mFlOs75FXBSJfc,https://i.scdn.co/image/ab67616d000048510f11e9b3d031105d8965958a,https://p.scdn.co/mp3-preview/3282d2906a3422f49044238eddc0df2a8b7d4767?cid=18308f0d5b8049c89ee330d9cfa4bc58,9,0
150,CUFF IT,ビヨンセ,2022/7/29,0.407308877,0.93,0.757102273,0.038859517,0.671819263,0.677739181,0.433863351,0.639541234,https://open.spotify.com/track/1xzi1Jcr7mEi9K2RfzLOqS,https://i.scdn.co/image/ab67616d000048510e58a0f8308c1ad403d105e7,https://p.scdn.co/mp3-preview/a94e147cf3614420c220cf40d46de1bf1a76f9dc?cid=18308f0d5b8049c89ee330d9cfa4bc58,1,0
151,Distant Dreams,CLARK S,2022/9/23,0.295387719,0.3,0.518465909,0.001946304,0.561236623,0.576132581,0.260055479,0.346805025,https://open.spotify.com/track/0hJRQRn4vqU9Z6xIJdNZcm,https://i.scdn.co/image/ab67616d00004851440858fea295f498960287f5,https://p.scdn.co/mp3-preview/dd48e1e218aefd09b4eac6de41ba580b27c60cf4?cid=18308f0d5b8049c89ee330d9cfa4bc58,0,0
152,FIRE TO THE BLOCK (feat. Reo Cragun),St. Mary,2022/9/23,0.30176803,0.47,0.546875,0.064999321,0.720570749,0.686857722,0.375313718,0.375204806,https://open.spotify.com/track/4ZrZTuaqrEXPjLOutWhQ07,https://i.scdn.co/image/ab67616d00004851897d7729778e5921fffe2125,https://p.scdn.co/mp3-preview/122705dd9b9ddf9f3f49fb1f4d195e6da31e5614?cid=18308f0d5b8049c89ee330d9cfa4bc58,9,0
153,Rock Bottom,LEROCQUE,2022/9/2,0.251928413,0.4,0.588068182,0.002919933,0.719381688,0.721088435,0.227115118,0.990169306,https://open.spotify.com/track/4Q4pYeTpkujnSEX8Waz4I4,https://i.scdn.co/image/ab67616d000048515e8b4f8287074791f2763c6d,https://p.scdn.co/mp3-preview/35a9b7a37f578edf36bd76023931eac1028ba9ec?cid=18308f0d5b8049c89ee330d9cfa4bc58,6,0
154,Borealis,Invigo,2022/9/16,0.40539001,0.34,0.517045455,0.516360713,0.68489893,0.556303372,0.474225613,0.097760786,https://open.spotify.com/track/2k6ox9uqyGRXC2TdbwmMRA,https://i.scdn.co/image/ab67616d00004851b92ed3ede5410cb41cd4d3d1,https://p.scdn.co/mp3-preview/a88650df7a8706285f4b67f1ee315ee6e8834b73?cid=18308f0d5b8049c89ee330d9cfa4bc58,2,0
155,American Dream,Mike Kennedy,2022/9/30,0.300924747,0.37,0,1,0.246135553,0.434867564,0.121648174,0.326051338,https://open.spotify.com/track/2TITRDolx6TlqGUw18ZPh9,https://i.scdn.co/image/ab67616d0000485105e99d739331e82cda588cb5,https://p.scdn.co/mp3-preview/d1790925343e4e379a6e57bff0d5f6418eb4459e?cid=18308f0d5b8049c89ee330d9cfa4bc58,4,0
156,Avocado Toast and Coffee,Jynx,2022/9/17,0.171899264,0.42,0.731534091,0.652880337,0.464922711,0.558981039,0.186051119,0.819770617,https://open.spotify.com/track/081sRrum2Wgnz6u8G9DuZA,https://i.scdn.co/image/ab67616d000048517a10e11dd8ea8aae7877c779,https://p.scdn.co/mp3-preview/7cf8774e69cf17bb9d8e36d558aaef71ee2138e5?cid=18308f0d5b8049c89ee330d9cfa4bc58,8,0
157,Butter,BTS,2022/6/10,0.214989435,0.84,0.727272727,0.003332666,0.398335315,0.712548849,0.392213196,0.697433097,https://open.spotify.com/track/6jjYDGxVJsWS0a5wlVF5vS,https://i.scdn.co/image/ab67616d0000485117db30ce3f081d6818a8ad49,https://p.scdn.co/mp3-preview/2756fbd859e65397fefec77e6df74fb02c802a38?cid=18308f0d5b8049c89ee330d9cfa4bc58,1,0
158,Warrior,Alice D,2022/9/15,0.497311041,0.37,0.529829545,0.368199881,0.816884661,0.815602837,0.713303282,0.818678318,https://open.spotify.com/track/5CeItm6j8QYmdjF0QPr6PO,https://i.scdn.co/image/ab67616d00004851267df2ccfff6f4c7c58a4cfb,https://p.scdn.co/mp3-preview/7870852b330ffd7c2adc9b56878cda338c4c1e12?cid=18308f0d5b8049c89ee330d9cfa4bc58,6,0
159,Overdose,Börni,2022/9/23,0.348536824,0.36,0.853693182,0.01060313,0.712247325,0.748516428,0.309688924,0.950846532,https://open.spotify.com/track/2CqMu6IKCTqt5aQjgwfvRh,https://i.scdn.co/image/ab67616d000048516871e3f5a1b88a7f0f817aa9,https://p.scdn.co/mp3-preview/99a1bccc1dd4848f3fc5e067e229a4c2cf80792e?cid=18308f0d5b8049c89ee330d9cfa4bc58,6,0
160,Holy Ones,Will Laroca,2022/9/16,0.288864209,0.5,0.811079545,0.424289339,0.687277051,0.578014184,0.449598772,0.386127799,https://open.spotify.com/track/4urezESl8ZfImK5bfurl8l,https://i.scdn.co/image/ab67616d0000485165d5901b15a31264a975a017,なし,3,0
161,Seaside,Definitely Not Luke,2022/2/27,0.251600647,0.31,0.555397727,0.060977813,0.731272295,0.416702851,0.590474539,0.683233206,https://open.spotify.com/track/1ORuqD4KQryVjBSJ42RmQ2,https://i.scdn.co/image/ab67616d0000485121fba213e6c4feca9b1707d0,https://p.scdn.co/mp3-preview/e89e482c32073b27b46425c6244fac0c1254d281?cid=18308f0d5b8049c89ee330d9cfa4bc58,1,0
162,You Deserve A Better Man,Finn O'Hara,2022/6/24,0.201391894,0.49,0.464488636,0.179823966,0.871581451,0.833260964,0.698583317,0.460404151,https://open.spotify.com/track/7vqWwggwPAMu5y9I13Gxrv,https://i.scdn.co/image/ab67616d00004851e97e7af9634577c5be9fdd77,https://p.scdn.co/mp3-preview/1de7eebc2fc0c9815457c8c26968ad5a86312c66?cid=18308f0d5b8049c89ee330d9cfa4bc58,7,0
163,Bonfire,I am Korny,2022/9/23,0.233131158,0.32,0.491477273,0.602082337,0.615933413,0.463960052,0.309622878,0.515019115,https://open.spotify.com/track/3zoXiNdJ6ZepHUGWio8daO,https://i.scdn.co/image/ab67616d0000485104d313810b2fa09f52858aa6,https://p.scdn.co/mp3-preview/f681f6a6125432fa575273151868613b78bc6c14?cid=18308f0d5b8049c89ee330d9cfa4bc58,3,0
164,Ruins,Salvo,2022/9/30,0.254572821,0.32,0.119318182,0.624306462,0.561236623,0.647271675,1,0.212452212,https://open.spotify.com/track/6BpbEkyvDh8UHsfBoNejNO,https://i.scdn.co/image/ab67616d00004851a38eff1bcaa3fd718d5de19f,https://p.scdn.co/mp3-preview/2da6ed3620b1df28b6f5e044c5c1c81c0f2a6d39?cid=18308f0d5b8049c89ee330d9cfa4bc58,2,0
165,Too Much Time to Think,Sylvie,2022/9/30,0.384066088,0.31,0.176136364,0.332217964,0.614744352,0.388261688,0.465416749,0.393773894,https://open.spotify.com/track/654vy01M2JbF7Gok5OtsGg,https://i.scdn.co/image/ab67616d00004851482a02b8557360c25d956e01,https://p.scdn.co/mp3-preview/134c57778d7f4f6c14ead9f47a7bc3323436eb6f?cid=18308f0d5b8049c89ee330d9cfa4bc58,2,0
166,SNAP,Rosa Linn,2022/7/15,0.261446374,0.76,0.451704545,0.113151591,0.608799049,0.494644666,0.887664289,0.511742217,https://open.spotify.com/track/6zJejIfVYLgjud3lTk4DLB,https://i.scdn.co/image/ab67616d00004851c009b22a08eee835ce3efeb9,なし,7,0
167,Treat Me (Like A Toilet),Mel 4Ever,2022/6/9,0.11094104,0.29,0.447443182,0.004697862,0.75980975,0.905847445,0.475108976,0.55434189,https://open.spotify.com/track/6DRc5pMqLKQFhJ1K2Aq4Yj,https://i.scdn.co/image/ab67616d00004851ff34d5f30d26aad78fdd5fda,https://p.scdn.co/mp3-preview/6f4e746667901d534a0d2dd11931165abadc10f7?cid=18308f0d5b8049c89ee330d9cfa4bc58,5,0
168,Enemies,Mybe,2022/9/30,0.329615463,0.34,0.626420455,0.070714096,0.48156956,0.537487335,0.309655901,0.259421081,https://open.spotify.com/track/0z5BRQghyNUKqNdI0NaKgP,https://i.scdn.co/image/ab67616d00004851c7120caa687c489b49aead14,https://p.scdn.co/mp3-preview/7cd393cb82f6d389cd6dfc4ca032a1115d342a91?cid=18308f0d5b8049c89ee330d9cfa4bc58,0,0
169,Rose Colored Glasses,Mandi Sagal,2022/9/23,0.464317991,0.35,0.424715909,0.103309479,0.681331748,0.469894341,0.72210389,0.299836155,https://open.spotify.com/track/3W4XXuV5gMy2O6ntJ0Utcy,https://i.scdn.co/image/ab67616d00004851bb907252a0b2c9a630064cf7,https://p.scdn.co/mp3-preview/3cbe02d33a81a06aca5501d15f6cf9830d13928e?cid=18308f0d5b8049c89ee330d9cfa4bc58,2,0
170,September,Bye Malo,2022/9/16,0.27891347,0.32,0.514204545,0.62959792,0.554102259,0.547836156,0.309713691,0.411250683,https://open.spotify.com/track/1uZWMevVzLukkBfjrLbaGg,https://i.scdn.co/image/ab67616d00004851750c3c85bda8f38a48fb204b,https://p.scdn.co/mp3-preview/35bb9b8a29a031f925b5c658e8a37ca8172972c0?cid=18308f0d5b8049c89ee330d9cfa4bc58,3,0
171,NO FAVOURS,ACER SPADE,2022/9/16,0.310643186,0.38,0.244318182,0.04870163,0.508917955,0.728325373,0.194760914,0.315128345,https://open.spotify.com/track/4wWlaMxGW7nNI2NgoSYBkO,https://i.scdn.co/image/ab67616d0000485177502b1585db438b0ea6b3e8,https://p.scdn.co/mp3-preview/a2fb59fac16be0f8c1253f78eed98c7ffdd5e61c?cid=18308f0d5b8049c89ee330d9cfa4bc58,0,0
172,Can't Get Away (feat. Emma Lundin),Seuto,2022/6/6,0.282289784,0.35,0.764204545,0.097277217,0.66587396,0.637284701,0.458498448,0.051884216,https://open.spotify.com/track/1uBk2Sp1cfcI4hNv7ouJjp,https://i.scdn.co/image/ab67616d0000485196beca321cbf7fe2eb83c163,https://p.scdn.co/mp3-preview/ca2caf7d87aa41b8d51528c5c1a8da58d5077ff1?cid=18308f0d5b8049c89ee330d9cfa4bc58,9,0
173,Ferrari,James Hype,2022/4/1,0.284071816,0.91,0.852272727,0.013354688,0.673008323,0.517875235,0.516106928,0.694156199,https://open.spotify.com/track/4zN21mbAuaD0WqtmaTZZeP,https://i.scdn.co/image/ab67616d000048516cc861b5c9c7cdef61b010b4,なし,1,0
174,Drippin' In Love,Frankie Zulferino,2022/8/26,0.472585347,0.48,0.392045455,0.069973292,0.790725327,0.688522217,0.325176673,0.73784817,https://open.spotify.com/track/2qCl9fSe6lVJFVA18nCZ5Z,https://i.scdn.co/image/ab67616d000048518f3c27deb905c34fb1cf44f3,https://p.scdn.co/mp3-preview/18fc1c454cbd2f2a4b5bce3a91dc4a7fb10c0607?cid=18308f0d5b8049c89ee330d9cfa4bc58,5,0
175,Love Like a Fire,WIESINGER,2022/9/16,0.477040427,0.35,0.585227273,0.876179876,0.095124851,0,0.457169275,0.125068269,https://open.spotify.com/track/2mOhTJpVhY0p6GR91HF8OQ,https://i.scdn.co/image/ab67616d0000485152cb6ed2492041d034a1cb58,https://p.scdn.co/mp3-preview/c87ca2a0345260807d138b1bf96e4a8abd304bcf?cid=18308f0d5b8049c89ee330d9cfa4bc58,4,0
176,Obsessed,Sydney Gordon,2022/9/16,0.25864922,0.43,0.752840909,0.092620733,0.569560048,0.786293241,0.541567598,0.589295467,https://open.spotify.com/track/1d8wZNKbZ6x9764h7IpKCa,https://i.scdn.co/image/ab67616d0000485115b3450a46237a7c71ffdae6,https://p.scdn.co/mp3-preview/17e312b1da6b97685e0af51fd7015ec2c4879517?cid=18308f0d5b8049c89ee330d9cfa4bc58,1,0
177,Die For You,ザ・ウィークエンド,2016/11/24,0.518256282,0.87,0.481534091,0.117384758,0.476813317,0.569546968,0.587312595,0.493173129,https://open.spotify.com/track/2LBqCSwhJGcFQeTHMVGwy3,https://i.scdn.co/image/ab67616d00004851a048415db06a5b6fa7ec4e1a,なし,1,0
178,Stardust,DNIE,2022/9/23,0.499630865,0.42,0.359375,0.025630871,0.935790725,0.671370676,0.310423684,0.191698525,https://open.spotify.com/track/6dEltu2cAIAehlonro6dQq,https://i.scdn.co/image/ab67616d00004851f8faa2618fd54380b916b894,https://p.scdn.co/mp3-preview/4ceda1641e172828adc34a35658511feb7147da4?cid=18308f0d5b8049c89ee330d9cfa4bc58,9,0
179,Baby,M.Y78,2022/7/15,0.193837351,0.34,0.529829545,0.701561753,0.37098692,0.344984802,0.301738657,0.422173676,https://open.spotify.com/track/4FxFRYI0XiWsojfUTafAb1,https://i.scdn.co/image/ab67616d00004851c07f17be97a3237f54075e06,https://p.scdn.co/mp3-preview/2da468f21a82fa37679c22fe685b63e8276f7b7f?cid=18308f0d5b8049c89ee330d9cfa4bc58,4,0
180,Running Up That Hill (A Deal With God),ケイト・ブッシュ,1985,0.641343779,0.9,0.542613636,0.761884377,0.502972652,0.138225503,0.378822403,0.15346805,https://open.spotify.com/track/75FEaRjZTKLhTrFGsfMUXR,https://i.scdn.co/image/ab67616d0000485196ab64f52273635308b6bf27,https://p.scdn.co/mp3-preview/16386d8d6335a6d86f6baae3e49d8cc9135485c2?cid=18308f0d5b8049c89ee330d9cfa4bc58,4,0
181,Oh What to Do,Peter Piek,2022/5/27,0.515560958,0.34,0.369318182,0.174532508,0.391200951,0.28289188,0.565484446,0.187329328,https://open.spotify.com/track/5LDnQ4Xc63HspDoyPb5JEP,https://i.scdn.co/image/ab67616d000048516e8893b0c3cda6cff0622688,https://p.scdn.co/mp3-preview/86f0bdc0d6d9bb83e452b15cd4e6051d192a4518?cid=18308f0d5b8049c89ee330d9cfa4bc58,2,0
182,Hold Me Closer,エルトン・ジョン,2021/10/22,0.333663221,0.74,0.585227273,0.0790746,0.770511296,0.755391518,0.524478238,0.466957946,https://open.spotify.com/track/5TJEBoTCDbJXiKMdCN9pd3,https://i.scdn.co/image/ab67616d0000485195bce0485d37868c9fe5be58,なし,5,0
183,Vegas (From the Original Motion Picture Soundtrack ELVIS),ドージャ・キャット,2022/5/6,0.272122655,0.9,0.786931818,0.082143646,0.567181926,0.539803155,0.804768509,0.746586565,https://open.spotify.com/track/0hquQWY3xvYqN4qtiquniF,https://i.scdn.co/image/ab67616d0000485129e2914af6e83df7e963d365,https://p.scdn.co/mp3-preview/d82f00d7dae8f764475569afdfb88984456c9efd?cid=18308f0d5b8049c89ee330d9cfa4bc58,1,0
184,Sweater Weather,The Neighbourhood,2013/4/19,0.455080064,0.93,0.518465909,0.052299821,0.812128419,0.88457085,0.508255729,0.373020208,https://open.spotify.com/track/2QjOHCTQ1Jl3zawyYOpxh6,https://i.scdn.co/image/ab67616d000048518265a736a1eb838ad5a0b921,https://p.scdn.co/mp3-preview/387541e6cab7e39e27acdb2c80ae6274b1182836?cid=18308f0d5b8049c89ee330d9cfa4bc58,5,0
185,Bam Bam (feat. Ed Sheeran),カミラ・カベロ,2022/4/7,0.345835137,0.82,0.723011364,0.192523466,0.681331748,0.626429295,0.268368998,0.982523211,https://open.spotify.com/track/2DB4DdfCFMw1iaR6JaR03a,https://i.scdn.co/image/ab67616d00004851370ed6a9ced20874385fb147,https://p.scdn.co/mp3-preview/42bbfd5ee15fa7b66b39443aa6096427437053d7?cid=18308f0d5b8049c89ee330d9cfa4bc58,6,0
186,About Damn Time,Lizzo,2022/7/15,0.300861103,0.82,0.836647727,0.102991992,0.736028537,0.63163989,0.383693283,0.728017477,https://open.spotify.com/track/6HMtHNpW6YPi1hrw9tgF8P,https://i.scdn.co/image/ab67616d00004851fe3b1b9cb7183a94e1aafd43,https://p.scdn.co/mp3-preview/d009565cdc3062deaee9fb82521a801aba1ad507?cid=18308f0d5b8049c89ee330d9cfa4bc58,1,0
